candidate_id,target_topic,target_topic_slug,candidate_topic,candidate_topic_norm,candidate_topic_type,candidate_source,member_count,source_paper_count,member_candidate_ids,member_topics,source_paper_ids,source_years,missing_source_paper_ids,n_2019,N_2019,N_total_2019,N_survey_excluded_2019,f_2019,topic_f_2019,topic_n_2019,source_paper_ids_2019,n_2020,N_2020,N_total_2020,N_survey_excluded_2020,f_2020,topic_f_2020,topic_n_2020,source_paper_ids_2020,n_2021,N_2021,N_total_2021,N_survey_excluded_2021,f_2021,topic_f_2021,topic_n_2021,source_paper_ids_2021,n_2022,N_2022,N_total_2022,N_survey_excluded_2022,f_2022,topic_f_2022,topic_n_2022,source_paper_ids_2022,n_2023,N_2023,N_total_2023,N_survey_excluded_2023,f_2023,topic_f_2023,topic_n_2023,source_paper_ids_2023,ref_n_2024,ref_N_2024,ref_f_2024,solution_raw_score,solution_onset,solution_slope,solution_intercept,solution_r2,solution_growth,solution_positive_share,solution_end_strength,solution_pre_peak,solution_pre_onset_penalty,solution_fit_score,score,early_topic_peak,onset_to_2023_peak,gate2_strict_2024_validation_peak,gate1_strict_score_positive,gate1_score_positive,gate2_2024_validation_peak,gate3_solution_no_skipped_decline,gate3_solution_skipped_sparse_steps,gate3_solution_failed_steps,gate3_strict_solution_smooth_growth,gate3_solution_strict_smooth_growth,gate3_solution_smooth_growth,gate4_strict_pre_onset_not_too_high,gate4_pre_onset_not_too_high,validation_lift_2024_vs_2023,validation_lift_2024_vs_peak,early_support_n,early_active_years,core_min_ref_n,gate1_core_2024_validation,gate2_core_early_evidence,gate3_core_pre_onset_not_too_high,gate1_selected,gate2_selected,gate3_selected,gate_path,gate_mode,passed_all_gates
e0a13fc602ebf722e5d84909e44517d6,large language models,large-language-models,retrieval-augmented language models,retrieval-augmented language models,solution-space,cluster,12,37,"[""b88cdc5079e0b13d63e04f6aa107fe85"", ""c3f6416556b65210edaba60c8facce3c"", ""117615b1acf0de76e2ec2e5e9c590717"", ""f125a2e745637de0f4c8fe4b0424456e"", ""efe8ae0afe6b0f23c983a10219e322b7"", ""f732ebb2108a9ee700e40a36dcb28303"", ""4b66a80d78e9b5a0e71eeb2da4649748"", ""4c1b8e7e9eeaeaac6e41166dd0dc775b"", ""fd7dc9cc0c1cda529eb5d0085c919de0"", ""b609ab6ee5a5fb51286cb7e25f95c837"", ""0d2d8940df8c24b574c9c7c0dde13ad1"", ""164ca91ac39e6375009a27cbfa43e2d5""]","[""retrieval augmentation for multimodal large language models"", ""retrieval-augmented code generation"", ""retrieval-augmented generation"", ""retrieval-augmented generation for large language models"", ""retrieval-augmented generation with rationale memory"", ""retrieval-augmented language generation"", ""retrieval-augmented language modeling"", ""retrieval-augmented language models"", ""retrieval-augmented large language model inference"", ""retrieval-augmented large language models"", ""retrieval-augmented neural models"", ""retrieval-augmented text generation""]","[""002c256d30d6be4b23d365a8de8ae0e67e4c9641"", ""01f284c732124dd0c6e4a7983f491b8f2f34778f"", ""03fab98a9be74a253688840dba9144737a8ca92d"", ""0476750c048abe336b9a24dbfa60b975bf0834c1"", ""07f6a68c537333e9c3bbcb70c862b4b3150021cf"", ""08dd6f6adf5657516d53db1946780a5d31a10676"", ""09bed28b3221f8aaac7f348cf0a5bb683513433b"", ""0a42274653199306ddc9fa7d604ccbed58ad8254"", ""0b24aad3f287ad55b476c174bd891ecdbc612384"", ""0b8003d97669b43b7e0d792d1f4042373da1a632"", ""0e49599631d87e148f87f8b952c8f478d2e827c0"", ""11ce7cd954d4691e2b3e1fa6563e1377d0cfb28f"", ""134517635fc690bb55d39a794684a056bcbd133a"", ""134899012e340bac20e1f00dd2e0d7554fdd8cd4"", ""13627e42eb7db44ce8ac8008916b4a0fffb35e50"", ""138bdaab1e6ad8e5c84fe286afa9cad3c0f414fa"", ""13d7b77cb816bc71bf7ac0ac1f877da69b9c9d5a"", ""13f5a09de7cbaed9157745599483a3f3806a38ef"", ""168fdce74327ab2e1001799c02c810f07df84bdd"", ""1817df3198953996c4985e212110dd0371cdf8b8"", ""18bd865446d7df5379870b1a91cd00560aa1d55f"", ""1c5bc4f10b95a90d0283d0aacc94332aae508169"", ""1e2c4066f9337690f343dab5aa938244c0a6d483"", ""20d51f8e449b59c7e140f7a7eec9ab4d4d6f80ea"", ""242b7ab423bd881af26a4da421980c641037da2e"", ""25b6c9a11d9078d2cc45e02e284195320ce61f0f"", ""25d1df96dc08071719bd891c227fb2cf873c26cf"", ""46c585ee9abf76779ea4b863d2da4358efd0d1d3"", ""490d8006851b1562cfd9ec1f057471f2868289d1"", ""5c95de51ac81569fd515df1a91fe0a6617536fd9"", ""659bf9ce7175e1ec266ff54359e2bd76e0b7ff31"", ""65bad077608a3c2ed8eac242e993aa40aa8c13e9"", ""832fff14d2ed50eb7969c4c4b976c35776548f56"", ""b7cc9fa44ac51a5fadf4528fcf0d276151ee7d17"", ""c44120f765fc43994c5cfb4e12e4f62999efeae6"", ""c84d67e7d297a6c79da178a18d49613bb4179d70"", ""ca89781d7915eac3089a7b47a065943ce722109f""]","[2019, 2020, 2021, 2022, 2023]",[],1,2550,2567,17,0.000392156862745098,0.000392156862745098,1,"[""b7cc9fa44ac51a5fadf4528fcf0d276151ee7d17""]",6,3048,3075,27,0.001968503937007874,0.001968503937007874,6,"[""20d51f8e449b59c7e140f7a7eec9ab4d4d6f80ea"", ""25d1df96dc08071719bd891c227fb2cf873c26cf"", ""659bf9ce7175e1ec266ff54359e2bd76e0b7ff31"", ""832fff14d2ed50eb7969c4c4b976c35776548f56"", ""c44120f765fc43994c5cfb4e12e4f62999efeae6"", ""ca89781d7915eac3089a7b47a065943ce722109f""]",5,1721,1736,15,0.002905287623474724,0.002905287623474724,5,"[""002c256d30d6be4b23d365a8de8ae0e67e4c9641"", ""134899012e340bac20e1f00dd2e0d7554fdd8cd4"", ""138bdaab1e6ad8e5c84fe286afa9cad3c0f414fa"", ""46c585ee9abf76779ea4b863d2da4358efd0d1d3"", ""5c95de51ac81569fd515df1a91fe0a6617536fd9""]",5,964,970,6,0.005186721991701245,0.005186721991701245,5,"[""242b7ab423bd881af26a4da421980c641037da2e"", ""25b6c9a11d9078d2cc45e02e284195320ce61f0f"", ""490d8006851b1562cfd9ec1f057471f2868289d1"", ""65bad077608a3c2ed8eac242e993aa40aa8c13e9"", ""c84d67e7d297a6c79da178a18d49613bb4179d70""]",19,1665,1687,22,0.011411411411411412,0.011411411411411412,19,"[""01f284c732124dd0c6e4a7983f491b8f2f34778f"", ""0476750c048abe336b9a24dbfa60b975bf0834c1"", ""07f6a68c537333e9c3bbcb70c862b4b3150021cf"", ""08dd6f6adf5657516d53db1946780a5d31a10676"", ""09bed28b3221f8aaac7f348cf0a5bb683513433b"", ""0a42274653199306ddc9fa7d604ccbed58ad8254"", ""0b24aad3f287ad55b476c174bd891ecdbc612384"", ""0b8003d97669b43b7e0d792d1f4042373da1a632"", ""0e49599631d87e148f87f8b952c8f478d2e827c0"", ""11ce7cd954d4691e2b3e1fa6563e1377d0cfb28f"", ""134517635fc690bb55d39a794684a056bcbd133a"", ""13627e42eb7db44ce8ac8008916b4a0fffb35e50"", ""13d7b77cb816bc71bf7ac0ac1f877da69b9c9d5a"", ""13f5a09de7cbaed9157745599483a3f3806a38ef"", ""168fdce74327ab2e1001799c02c810f07df84bdd"", ""1817df3198953996c4985e212110dd0371cdf8b8"", ""18bd865446d7df5379870b1a91cd00560aa1d55f"", ""1c5bc4f10b95a90d0283d0aacc94332aae508169"", ""1e2c4066f9337690f343dab5aa938244c0a6d483""]",412,12559,0.03280515964646867,2.7918703163924854,2019,0.7710242489970839,-7.4721180522442285,0.9391278871077652,29.0990990274464,1.0,1.0,0.0,1.0,1.0,1.0,0.011411411411411412,0.011411411411411412,True,True,True,True,True,,,True,True,True,True,True,2.874767937440544,2.874767937440544,36,5,5,True,True,True,True,True,True,core_validated,core,True
b8a0ff04e9922e69bc3277305f638c9a,large language models,large-language-models,parameter-efficient tuning,parameter-efficient tuning,solution-space,cluster,18,34,"[""6ec2d4a227b79a92f4b082a4d3d647f0"", ""f618b1f54363a1bf7c5f0854bcb516f9"", ""61cf0312c3a24d42b069c53c444c180e"", ""fb5ea8edb2b477a76443d0a4700868de"", ""68b6ab7607e24115999011733f5a6e32"", ""0d1044b81e37e1fc0a9ae7c76e523e6b"", ""c91eecf60a2a15e33c945139ae041467"", ""eb07f6ad4104e8529ee8e82156291548"", ""08b1fb6adfb4f46a1426d640ef4c0b66"", ""ca90408787b18bfad19cac237e0e8775"", ""8abb01094a4d8756c231359ca11bbf14"", ""5a0dc2f8d72644ed2af580e46529ffc0"", ""16801e6eeecc264676ebf56d657be10d"", ""35f1a4b697e9bf4401e5a14a28f106c6"", ""e137cc8642ad308ce2a740564b740f6c"", ""146e5c3cba8ad166e9919e8290b089d0"", ""b91ad674549eae755cdd1692e2fcf3c8"", ""8f49a4cd67056cdca3ecf29e3e67be2a""]","[""efficient transformer language models"", ""efficient transformer-based language models"", ""parameter-efficient adaptation of large language models"", ""parameter-efficient adaptation of pre-trained language models"", ""parameter-efficient adaptation of pretrained language models"", ""parameter-efficient fine-tuning"", ""Parameter-efficient fine-tuning for large language models"", ""parameter-efficient fine-tuning of large language models"", ""parameter-efficient finetuning for large language models"", ""parameter-efficient pre-trained language models"", ""parameter-efficient training"", ""parameter-efficient transformer language models"", ""parameter-efficient transformer pretraining"", ""parameter-efficient tuning"", ""parameter-efficient tuning for pretrained language models"", ""parameter-efficient tuning of large language models"", ""parameter-efficient fine-tuning of foundation models"", ""parameter-efficient fine-tuning with adapters""]","[""00694e6f56e4362fda96033dad3d87407e75e9ce"", ""03c74f424a2cfa0270bf657309da179ce34502b2"", ""03d19fde1df67c7ea8dedc750dcd3a6291032577"", ""04fb4b1d88f485cacba6e90c1137448f0d770498"", ""066157cdeb5dd4aba4c6e57001d78e71ec2ac77f"", ""06adfb6a76b7c69b678d0b81c5f3087939652102"", ""0825ef213b4fdeadc8b27fb5a6361bb84d57bc8b"", ""088617a8862cfa372a62070916e88a5f10e7690b"", ""09d052f78be2db88578d98fb2a86fee6f8f40743"", ""09edb6a96b5af0d1ad1abb4e192e953844718628"", ""0a9b7f2ff0e25f4eecd946bae4ad2f8c2d53b562"", ""0d230fe2af4fe4fd2257ba2a10cfeb91126e27a3"", ""0d2adcddccd72de47c263b6e4e0aab3dd0582a52"", ""0d7f24578340aae6df610ed95aaa276b9c3ddcd3"", ""0e3d1457a66e442fae46c8f96886dc76aef3b085"", ""12bbff41483f1a4b31882a0a0a2fe310468a9fd3"", ""12c20b14f0652c2953dee2e4fc7da59e46744ff4"", ""12d8dfe6df1829b0ebe065621ed71c5e8196aad1"", ""137ee49f764304a83a209ad876d79675b4472001"", ""15b0d15a1ef487a14d24544d76f6da1271a4f7ec"", ""18bd22b1b6091bec3c4b8f51ef97c7f11d7f110e"", ""1c1efa657d2fd0d310246127375049973ed4473f"", ""1cec2da8dc871d952adfbcd549761815a7d0fdb7"", ""339b2b711fb5b228d097b03ebc3e62a521779235"", ""3ae6450d4d1181b72d1a93aab832afec1b258c03"", ""43a87867fe6bf4eb920f97fc753be4b727308923"", ""527d68b1929c99101ce06928e3bd4fbdf3a20bb3"", ""53d8b356551a2361020a948f64454a6d599af69f"", ""567067ad6c2f7b53eaf967a27effb109d235d87a"", ""56874f9aef515902c5a49d84d10f629f8dcd5f40"", ""5b4be79081e1d6eac83e8a9e7a38bd7c338a4c78"", ""7a064df1aeada7e69e5173f7d4c8606f4470365b"", ""ca6e0e0fc35e90e986e3bc23d64fe0dfd0c7191f"", ""f4dde217d326e547b85a5cc0f5defaa973ce7a54""]","[2019, 2020, 2021, 2022, 2023]",[],2,2550,2567,17,0.000784313725490196,0.000784313725490196,2,"[""00694e6f56e4362fda96033dad3d87407e75e9ce"", ""7a064df1aeada7e69e5173f7d4c8606f4470365b""]",3,3048,3075,27,0.000984251968503937,0.000984251968503937,3,"[""3ae6450d4d1181b72d1a93aab832afec1b258c03"", ""5b4be79081e1d6eac83e8a9e7a38bd7c338a4c78"", ""ca6e0e0fc35e90e986e3bc23d64fe0dfd0c7191f""]",5,1721,1736,15,0.002905287623474724,0.002905287623474724,5,"[""0a9b7f2ff0e25f4eecd946bae4ad2f8c2d53b562"", ""339b2b711fb5b228d097b03ebc3e62a521779235"", ""43a87867fe6bf4eb920f97fc753be4b727308923"", ""53d8b356551a2361020a948f64454a6d599af69f"", ""56874f9aef515902c5a49d84d10f629f8dcd5f40""]",9,964,970,6,0.00933609958506224,0.00933609958506224,9,"[""03c74f424a2cfa0270bf657309da179ce34502b2"", ""03d19fde1df67c7ea8dedc750dcd3a6291032577"", ""06adfb6a76b7c69b678d0b81c5f3087939652102"", ""12c20b14f0652c2953dee2e4fc7da59e46744ff4"", ""15b0d15a1ef487a14d24544d76f6da1271a4f7ec"", ""18bd22b1b6091bec3c4b8f51ef97c7f11d7f110e"", ""527d68b1929c99101ce06928e3bd4fbdf3a20bb3"", ""567067ad6c2f7b53eaf967a27effb109d235d87a"", ""f4dde217d326e547b85a5cc0f5defaa973ce7a54""]",15,1665,1687,22,0.009009009009009009,0.009009009009009009,15,"[""04fb4b1d88f485cacba6e90c1137448f0d770498"", ""066157cdeb5dd4aba4c6e57001d78e71ec2ac77f"", ""0825ef213b4fdeadc8b27fb5a6361bb84d57bc8b"", ""088617a8862cfa372a62070916e88a5f10e7690b"", ""09d052f78be2db88578d98fb2a86fee6f8f40743"", ""09edb6a96b5af0d1ad1abb4e192e953844718628"", ""0d230fe2af4fe4fd2257ba2a10cfeb91126e27a3"", ""0d2adcddccd72de47c263b6e4e0aab3dd0582a52"", ""0d7f24578340aae6df610ed95aaa276b9c3ddcd3"", ""0e3d1457a66e442fae46c8f96886dc76aef3b085"", ""12bbff41483f1a4b31882a0a0a2fe310468a9fd3"", ""12d8dfe6df1829b0ebe065621ed71c5e8196aad1"", ""137ee49f764304a83a209ad876d79675b4472001"", ""1c1efa657d2fd0d310246127375049973ed4473f"", ""1cec2da8dc871d952adfbcd549761815a7d0fdb7""]",200,12559,0.01592483477983916,1.3282205301570882,2019,0.7132104420187598,-7.286210861085866,0.920158259667196,11.486486473116218,0.75,0.9649649649687176,0.0,1.0,0.4757457831613569,0.4757457831613569,0.00933609958506224,0.00933609958506224,True,True,True,True,True,,,True,True,True,True,True,1.7676566605621469,1.705726747529439,34,5,5,True,True,True,True,True,True,core_validated,core,True
ded99b40b2f618edcbc7acb7dee571f7,large language models,large-language-models,LLM-guided task planning,llm-guided task planning,solution-space,cluster,4,4,"[""c9d487a4def9659111c858564d0a04ef"", ""badc6b8ff55dc5c5f8effd4dfdd05d1f"", ""85adf470d8d809e58ab94b01c14344c7"", ""d08d23ea5163e324ca59b77e6b8dbd1d""]","[""LLM-based embodied task planning"", ""LLM-based robot manipulation planning"", ""LLM-based robot task planning"", ""LLM-guided task planning""]","[""062eb69864bcf63517bbf1ee215cddf79517b85d"", ""09e0e5f07013466bd119241a4aabef0e6496fdb5"", ""1cd8373490efc2d74c2796f4b2aa27c7d4415ec9"", ""c03fa01fbb9c77fe3d10609ba5f1dee33a723867""]","[2022, 2023]",[],0,2550,2567,17,0.0,0.0,0,[],0,3048,3075,27,0.0,0.0,0,[],0,1721,1736,15,0.0,0.0,0,[],1,964,970,6,0.001037344398340249,0.001037344398340249,1,"[""c03fa01fbb9c77fe3d10609ba5f1dee33a723867""]",3,1665,1687,22,0.0018018018018018018,0.0018018018018018018,3,"[""062eb69864bcf63517bbf1ee215cddf79517b85d"", ""09e0e5f07013466bd119241a4aabef0e6496fdb5"", ""1cd8373490efc2d74c2796f4b2aa27c7d4415ec9""]",48,12559,0.0038219603471613983,0.2453880802022716,2022,0.5521231804551118,-6.871091293646545,1.0,1.7369369362265297,1.0,1.0,0.0,1.0,0.08789379605545208,0.08789379605545208,0.0018018018018018018,0.0018018018018018018,True,True,True,True,True,,,True,True,True,True,True,2.121187992674576,2.121187992674576,4,2,5,True,True,True,True,True,True,core_validated,core,True
cb45544aac5ae9bd956cb4863d58ea9e,large language models,large-language-models,few-shot learning with language models,few-shot learning with language models,solution-space,cluster,13,16,"[""a80f00ac5d8b2747e9d4f9147bcc43ed"", ""fb21f8354d7520140de1272f00ba00f7"", ""c2f06a9ce88b9b9f06850130605d0117"", ""385648db2d85a068824aae8ed19e774d"", ""192469a70f41cf07db230de76b0d2ba7"", ""f73eafdfca7b4afffd2c4273e92d878e"", ""e3ef12d8281d0257471207745ae15ee2"", ""2910534534be599bcdc3f37fd71d1295"", ""013b248bb9befe8693e1b6c780b35344"", ""b9cc88f8c427c1b01ad2fa5f1ad3cfff"", ""83d7e7ec1816368324231ccddd6f986b"", ""f22b20174ce141bddae29f4106f58377"", ""8a9841592a4dfa3bbfe4ce38497b59f0""]","[""few-shot in-context learning"", ""few-shot learning"", ""few-shot meta-learning"", ""few-shot relation learning"", ""few-shot transfer learning"", ""few-shot learning for task-specific large language model adaptation"", ""few-shot learning in large language models"", ""few-shot learning with language models"", ""few-shot learning with pretrained language models"", ""few-shot planning with large language models"", ""few-shot prompting for large language models"", ""few-shot prompting for multilingual generation"", ""few-shot prompting with large language models""]","[""037110f8e99488f9b8f6e962da0a912d927695e5"", ""10a409d3250378a0412ead05d04347da71be4984"", ""1a66c290beef2d992fc55137f9e8fd5a67cf09ae"", ""1b3d0300150eca382339d7ee29fd761f7d281158"", ""1da2a9a8f03712cee964e2c8abd98f829194dd5f"", ""1dc7067b9cc078af9e70fa35f9425125c6a16b3c"", ""2dee473b500bf3bfe843f45973c2d6f1795a082b"", ""3bfc1fa2a6193dd90de817a8664a04e22981145a"", ""53661ff6fdbfb8557c5b19895fad151792c62da7"", ""6d8890a12db728cf93fcd7dd24dd69e6e757a653"", ""7a307b379eb714df1e38fe9a80b7ed94c0fbd64e"", ""8a84fd7a1218637697539a6e8246c99f56b4a298"", ""8ee45aeb7c97e3346cc62f216f673b91277ac718"", ""90abbc2cf38462b954ae1b772fac9532e2ccd8b0"", ""bcd0900cfc6316a848a280cdc7474d8af412a286"", ""dda0f7f086fc875d583604f8b0cf4a8678bc4de4""]","[2019, 2020, 2021, 2022, 2023]",[],1,2550,2567,17,0.000392156862745098,0.000392156862745098,1,"[""8a84fd7a1218637697539a6e8246c99f56b4a298""]",4,3048,3075,27,0.0013123359580052493,0.0013123359580052493,4,"[""3bfc1fa2a6193dd90de817a8664a04e22981145a"", ""6d8890a12db728cf93fcd7dd24dd69e6e757a653"", ""90abbc2cf38462b954ae1b772fac9532e2ccd8b0"", ""bcd0900cfc6316a848a280cdc7474d8af412a286""]",2,1721,1736,15,0.0011621150493898896,0.0011621150493898896,2,"[""1dc7067b9cc078af9e70fa35f9425125c6a16b3c"", ""2dee473b500bf3bfe843f45973c2d6f1795a082b""]",4,964,970,6,0.004149377593360996,0.004149377593360996,4,"[""037110f8e99488f9b8f6e962da0a912d927695e5"", ""53661ff6fdbfb8557c5b19895fad151792c62da7"", ""8ee45aeb7c97e3346cc62f216f673b91277ac718"", ""dda0f7f086fc875d583604f8b0cf4a8678bc4de4""]",4,1665,1687,22,0.0024024024024024023,0.0024024024024024023,4,"[""10a409d3250378a0412ead05d04347da71be4984"", ""1a66c290beef2d992fc55137f9e8fd5a67cf09ae"", ""1b3d0300150eca382339d7ee29fd761f7d281158"", ""1da2a9a8f03712cee964e2c8abd98f829194dd5f""]",1467,12559,0.11680866311012024,0.11782453413759453,2019,0.4776274811123126,-7.505933318113877,0.7292599675347609,6.126126113054505,0.5,0.5789789790804449,0.0,1.0,0.042202724620046636,0.042202724620046636,0.004149377593360996,0.004149377593360996,True,True,True,True,False,,2022->2023,False,False,False,True,True,48.62160601958755,28.15088780953898,15,5,5,True,True,True,True,True,True,core_validated,core,True
1d00f4f677c3093c1be1047e528c98c5,large language models,large-language-models,post-training quantization for large language models,post-training quantization for large language models,solution-space,cluster,2,3,"[""fa356d15a592348e74c26dfc861c50e8"", ""db21afe22f54282e313ca823fa9ff38f""]","[""post-training quantization for language generation models"", ""post-training quantization for large language models""]","[""07c8454b8eaf3182997fd8b5906ded9c187fefaf"", ""1b31882e60aaae3ac696e4f24f5cd93275c591f7"", ""2c994fadbb84fb960d8306ee138dbeef41a5b323""]","[2022, 2023]",[],0,2550,2567,17,0.0,0.0,0,[],0,3048,3075,27,0.0,0.0,0,[],0,1721,1736,15,0.0,0.0,0,[],1,964,970,6,0.001037344398340249,0.001037344398340249,1,"[""2c994fadbb84fb960d8306ee138dbeef41a5b323""]",2,1665,1687,22,0.0012012012012012011,0.0012012012012012011,2,"[""07c8454b8eaf3182997fd8b5906ded9c187fefaf"", ""1b31882e60aaae3ac696e4f24f5cd93275c591f7""]",46,12559,0.0036627119993630068,0.0651813656108652,2022,0.14665807262444847,-6.871091293646544,1.0,1.1579579578056864,1.0,1.0,0.0,1.0,0.02334684574285287,0.02334684574285287,0.0012012012012012011,0.0012012012012012011,True,True,True,True,True,,,True,True,True,True,True,3.0492077394697032,3.0492077394697032,3,2,5,True,True,True,True,True,True,core_validated,core,True
7bce6d0fe2566f5fd1dca8571781b584,large language models,large-language-models,autoregressive language models,autoregressive language models,solution-space,cluster,4,4,"[""72b0ac2646c145846027160dd7c33efc"", ""e6450844bbbc0920724e2805944bfa32"", ""1529c15055050aac4771749eb64e2e1c"", ""472e2dfbf29369c51b94e11735e68c3f""]","[""autoregressive language models"", ""autoregressive multimodal language models"", ""multimodal autoregressive language models"", ""autoregressive language models for tabular data synthesis""]","[""0c4f46e4dcae5527018e6432fb60cfe8c3354e97"", ""1a735015a1f7ef4f2ba2273ce5fcaaacfa9d1ea2"", ""394bd431e522b86581086bcb5cd9be161cf1cdf4"", ""70139335657559df6f0de540f9a0bd4f9f0d8bac""]","[2020, 2022, 2023]",[],0,2550,2567,17,0.0,0.0,0,[],1,3048,3075,27,0.00032808398950131233,0.00032808398950131233,1,"[""70139335657559df6f0de540f9a0bd4f9f0d8bac""]",0,1721,1736,15,0.0,0.0,0,[],1,964,970,6,0.001037344398340249,0.001037344398340249,1,"[""394bd431e522b86581086bcb5cd9be161cf1cdf4""]",2,1665,1687,22,0.0012012012012012011,0.0012012012012012011,2,"[""0c4f46e4dcae5527018e6432fb60cfe8c3354e97"", ""1a735015a1f7ef4f2ba2273ce5fcaaacfa9d1ea2""]",34,12559,0.002707221912572657,0.0651813656108652,2022,0.14665807262444847,-6.871091293646544,1.0,1.1579579578056864,1.0,1.0,0.00032808398950131233,1.0,0.02334684574285287,0.02334684574285287,0.0012012012012012011,0.0012012012012012011,True,True,True,True,True,,,True,True,True,True,True,2.253762242216737,2.253762242216737,4,3,5,True,True,True,True,True,True,core_validated,core,True
eb627727b7415ac4059a7532901042bd,large language models,large-language-models,reasoning benchmarks for large language models,reasoning benchmarks for large language models,solution-space,cluster,4,5,"[""894f7ddec4a41807bbd1a2f8e637d15e"", ""b2c8e7962b03fd7c0a20eac330eb66c2"", ""0eb8cd8a6897c5fca5c4230ae3ec0616"", ""3a4ee5298ec687330eab318eb018b63f""]","[""causal reasoning benchmarks for large language models"", ""formal reasoning benchmarks for large language models"", ""reasoning benchmarks for language models"", ""reasoning benchmarks for large language models""]","[""00147fc393e1f66dbdc8efb2347ae2445a81e9cd"", ""256ef1f8d0ea2982cc50d3e85e5f1b4920f037fe"", ""2e0fab543b49b315d29b0d81e8f958707456f69e"", ""db4ab91d5675c37795e719e997a2827d3d83cd45"", ""e7028cd7ea838ab8294ecf26d5a2c0dbb8cfa81a""]","[2020, 2022, 2023]",[],0,2550,2567,17,0.0,0.0,0,[],1,3048,3075,27,0.00032808398950131233,0.00032808398950131233,1,"[""2e0fab543b49b315d29b0d81e8f958707456f69e""]",0,1721,1736,15,0.0,0.0,0,[],2,964,970,6,0.002074688796680498,0.002074688796680498,2,"[""256ef1f8d0ea2982cc50d3e85e5f1b4920f037fe"", ""e7028cd7ea838ab8294ecf26d5a2c0dbb8cfa81a""]",1,1665,1687,22,0.0006006006006006006,0.0006006006006006006,1,"[""00147fc393e1f66dbdc8efb2347ae2445a81e9cd""]",66,12559,0.005255195477346922,0.0011399651827711415,2019,4.227117823054793,-23.830197178096338,0.3556707283398164,1.8306306280988685,0.5,0.28948948983195555,0.0,1.0,0.000408315950808255,0.000408315950808255,0.002074688796680498,0.002074688796680498,True,True,True,True,False,2020->2021,2022->2023,False,False,False,True,True,8.749900469782625,2.5330042200812164,4,3,5,True,True,True,True,True,True,core_validated,core,True
18190762a90acb6683978b72492a0590,large language models,large-language-models,retrieval-augmented question answering,retrieval-augmented question answering,solution-space,cluster,2,4,"[""3f5ee96af54fd5fc6d327f4ee463763b"", ""2b62e9d03ffe860fd2a6488b363ba291""]","[""retrieval-augmented question answering"", ""retrieval-augmented video question answering""]","[""07bfba1087176d862c953a55df389e3d5b3d38ac"", ""08706687b02ae65e2303011d0013e96b79007d2c"", ""0d0f9d13c9323315a182573757e43c969f6c7b57"", ""fc97c3f375c7228a1df7caa5c0ce5d2a6a171bd7""]","[2020, 2021, 2023]",[],0,2550,2567,17,0.0,0.0,0,[],1,3048,3075,27,0.00032808398950131233,0.00032808398950131233,1,"[""fc97c3f375c7228a1df7caa5c0ce5d2a6a171bd7""]",1,1721,1736,15,0.0005810575246949448,0.0005810575246949448,1,"[""0d0f9d13c9323315a182573757e43c969f6c7b57""]",0,964,970,6,0.0,0.0,0,[],2,1665,1687,22,0.0012012012012012011,0.0012012012012012011,2,"[""07bfba1087176d862c953a55df389e3d5b3d38ac"", ""08706687b02ae65e2303011d0013e96b79007d2c""]",67,12559,0.005334819651246118,0.0009792598316141121,2019,2.2204395587642884,-19.932754549754222,0.10020178181272232,3.661261253149737,0.75,1.0,0.0,1.0,0.0003507540539631735,0.0003507540539631735,0.0012012012012012011,0.0012012012012012011,True,True,True,True,False,2021->2022,,True,False,True,True,True,4.441237359662393,4.441237359662393,4,3,5,True,True,True,True,True,True,core_validated,core,True
039fe1f083c2343c84ff6d7d5dde839b,large language models,large-language-models,long-context language models,long-context language models,solution-space,cluster,3,3,"[""2f075a1d344442a73135b596d6e98977"", ""9a7a5f2faa1b07921bbd1d7ff3de3a17"", ""d31caad6d3dda838faec7ae1a7eb219d""]","[""long-context language models"", ""long-context modeling with large language models"", ""long-context transformer models""]","[""0a92a65bc674190e73d5c1b58ba4b20e56eca21d"", ""0b0debb710366cdff461938c80763eace1651af6"", ""0d388b5c4a617792d62655af6b8ee1f71dab09f4""]","[2020, 2023]",[],0,2550,2567,17,0.0,0.0,0,[],1,3048,3075,27,0.00032808398950131233,0.00032808398950131233,1,"[""0a92a65bc674190e73d5c1b58ba4b20e56eca21d""]",0,1721,1736,15,0.0,0.0,0,[],0,964,970,6,0.0,0.0,0,[],2,1665,1687,22,0.0012012012012012011,0.0012012012012012011,2,"[""0b0debb710366cdff461938c80763eace1651af6"", ""0d388b5c4a617792d62655af6b8ee1f71dab09f4""]",190,12559,0.015128593040847202,0.000287953835374981,2019,2.220439558764288,-23.96882661404183,0.09994820810119198,3.661261253149737,0.5,1.0,0.0,1.0,0.00010314011853783399,0.00010314011853783399,0.0012012012012012011,0.0012012012012012011,True,True,True,True,False,2020->2021,,True,False,True,True,True,12.594553706505296,12.594553706505296,3,2,5,True,True,True,True,True,True,core_validated,core,True
ef00c7e43f72645aa66c63c20f95cf9d,large language models,large-language-models,code generation models,code generation models,solution-space,cluster,2,2,"[""3b7f2cb722e4593f39fca68e2d005126"", ""102f2708930f069db33383f7bda44441""]","[""code generation language models"", ""code generation models""]","[""0b0debb710366cdff461938c80763eace1651af6"", ""1444536496d8064f33e10b38b5820fecfab5b367""]","[2021, 2023]",[],0,2550,2567,17,0.0,0.0,0,[],0,3048,3075,27,0.0,0.0,0,[],1,1721,1736,15,0.0005810575246949448,0.0005810575246949448,1,"[""1444536496d8064f33e10b38b5820fecfab5b367""]",0,964,970,6,0.0,0.0,0,[],1,1665,1687,22,0.0006006006006006006,0.0006006006006006006,1,"[""0b0debb710366cdff461938c80763eace1651af6""]",191,12559,0.015208217214746397,0.0002736062717084118,2019,4.0426881430357975,-27.63763719467673,0.33387914854192524,1.03363363357575,0.5,1.0,0.0,1.0,9.800106763624755e-05,9.800106763624755e-05,0.0006006006006006006,0.0006006006006006006,True,True,True,True,False,2021->2022,,True,False,True,True,True,25.321681662552752,25.321681662552752,2,2,5,True,True,True,True,True,True,core_validated,core,True
74482fc20a7982f564754476a99c7370,large language models,large-language-models,bias probing in large language models,bias probing in large language models,solution-space,cluster,4,4,"[""e0fd1886cbec874654e7d6f6a9cb4d34"", ""ffcb1874d0206099cb53f8b79d62debe"", ""384007de3e385d82a4383a2ef5dbacc3"", ""02ef64b5a377c646bf4240a447714027""]","[""bias probing for large language models"", ""bias probing for multilingual language models"", ""bias probing in large language models"", ""probability-based probing of large language models""]","[""0e0d72be9950fde9b5e8996e2147d1318f216ebb"", ""155cca227df652fb09e33ba888643e243c333134"", ""4c2733d191e347753bb28afa46a1c55c65e085be"", ""616164ad2928987bbf1e500a9b50fca16e516966""]","[2021, 2023]",[],0,2550,2567,17,0.0,0.0,0,[],0,3048,3075,27,0.0,0.0,0,[],2,1721,1736,15,0.0011621150493898896,0.0011621150493898896,2,"[""4c2733d191e347753bb28afa46a1c55c65e085be"", ""616164ad2928987bbf1e500a9b50fca16e516966""]",0,964,970,6,0.0,0.0,0,[],2,1665,1687,22,0.0012012012012012011,0.0012012012012012011,2,"[""0e0d72be9950fde9b5e8996e2147d1318f216ebb"", ""155cca227df652fb09e33ba888643e243c333134""]",31,12559,0.0024683493908750696,0.00027356176266555746,2019,4.181317578981288,-27.637637194682334,0.33386104281107676,1.0336336336046918,0.5,1.0,0.0,1.0,9.798512526149145e-05,9.798512526149145e-05,0.0012012012012012011,0.0012012012012012011,True,True,True,True,False,,2021->2022,False,False,False,True,True,2.0549008679034957,2.0549008679034957,4,2,5,True,True,True,True,True,True,core_validated,core,True
9fa16719b5a7a72d16e5b4f27db9c634,large language models,large-language-models,instruction-following benchmarks,instruction-following benchmarks,solution-space,cluster,2,2,"[""e260908b33b4cb453831a8643994a751"", ""d75f20c1cc5fb832b6a52c63ba4ee35b""]","[""instruction-following benchmarks"", ""instruction-following benchmarks for language models""]","[""1a9b8c545ba9a6779f202e04639c2d67e6d34f63"", ""ecb2b0859bab2761be397804516b8de3983366e8""]","[2020, 2023]",[],0,2550,2567,17,0.0,0.0,0,[],1,3048,3075,27,0.00032808398950131233,0.00032808398950131233,1,"[""ecb2b0859bab2761be397804516b8de3983366e8""]",0,1721,1736,15,0.0,0.0,0,[],0,964,970,6,0.0,0.0,0,[],1,1665,1687,22,0.0006006006006006006,0.0006006006006006006,1,"[""1a9b8c545ba9a6779f202e04639c2d67e6d34f63""]",13,12559,0.0010351142606895454,0.00010146788712278045,2019,2.081810122818797,-23.83019717809633,0.09106325592073883,1.8306306280988685,0.5,1.0,0.0,1.0,3.6344054566937106e-05,3.6344054566937106e-05,0.0006006006006006006,0.0006006006006006006,True,True,True,True,False,2020->2021,,True,False,True,True,True,1.7234652440480933,1.7234652440480933,2,2,5,True,True,True,True,True,True,core_validated,core,True
c73614442649743bff3faee548a30a22,large language models,large-language-models,language model probing,language model probing,solution-space,cluster,7,8,"[""91089a2670bf4ec15efe2ed60364517e"", ""7ab75a96b0c1c977495f5634c3ae4213"", ""7de7a9403f6225f062c77bcb6b75b807"", ""58f2bbf365ca513f420f040434beb637"", ""017d68eab0acbb7ca6c739f9acff9925"", ""6c9eba2adb33b9f10e36c00cb6c245d1"", ""a8cc472ddc95136ea8a96bd29cb35213""]","[""language model probing"", ""probing contextual language model representations"", ""probing language model representations"", ""probing of language models"", ""structural probing of language model representations"", ""language model probing for lexical associations"", ""language model probing via cloze queries""]","[""035d7fce7690d61df76d7479d294e697a4319b7a"", ""04ef54bd467d5e03dee7b0be601cf06d420bffa0"", ""157ff71fb4818aab80ef4b54187251bff23449c6"", ""28d5bbdd730424b63811f30f7517060fbab3057c"", ""31392ad8722d9c66181b621936e2013199e02edc"", ""567469dc08fbb702df9f525637e9a3fc43bb1fbb"", ""9be1d1bf82f6ca6a7bf6a7d92f8f37b647e493d0"", ""d0086b86103a620a86bc918746df0aa642e2a8a3""]","[2019, 2020, 2022, 2023]",[],1,2550,2567,17,0.000392156862745098,0.000392156862745098,1,"[""d0086b86103a620a86bc918746df0aa642e2a8a3""]",4,3048,3075,27,0.0013123359580052493,0.0013123359580052493,4,"[""04ef54bd467d5e03dee7b0be601cf06d420bffa0"", ""31392ad8722d9c66181b621936e2013199e02edc"", ""567469dc08fbb702df9f525637e9a3fc43bb1fbb"", ""9be1d1bf82f6ca6a7bf6a7d92f8f37b647e493d0""]",0,1721,1736,15,0.0,0.0,0,[],2,964,970,6,0.002074688796680498,0.002074688796680498,2,"[""157ff71fb4818aab80ef4b54187251bff23449c6"", ""28d5bbdd730424b63811f30f7517060fbab3057c""]",1,1665,1687,22,0.0006006006006006006,0.0006006006006006006,1,"[""035d7fce7690d61df76d7479d294e697a4319b7a""]",80,12559,0.006369933911935664,2.270535294620295e-12,2019,0.1310538911061898,-11.40337594636714,0.0005028092131612594,1.531531530176126,0.5,0.28948948983195555,0.0,1.0,8.13266748562364e-13,8.13266748562364e-13,0.002074688796680498,0.002074688796680498,True,True,True,True,False,,2020->2021,False,False,False,True,True,10.605939963372881,3.07030814555299,8,4,5,True,True,True,True,True,True,core_validated,core,True
07f72f594deba2edd064193c509c4349,large language models,large-language-models,natural language inference benchmarks,natural language inference benchmarks,solution-space,cluster,1,3,"[""ab39fde6842648ab6fcef85dbda6a58d""]","[""natural language inference benchmarks""]","[""207da6d2c07289bf72a2b5974bb3f011ebb5dd0d"", ""6dd1a0f657ff547b1736c2d8b30451f49a9a48f5"", ""832be79a6d98ca75984796647fd69ae4e5f36154""]","[2019, 2020]",[],2,2550,2567,17,0.000784313725490196,0.000784313725490196,2,"[""207da6d2c07289bf72a2b5974bb3f011ebb5dd0d"", ""832be79a6d98ca75984796647fd69ae4e5f36154""]",1,3048,3075,27,0.00032808398950131233,0.00032808398950131233,1,"[""6dd1a0f657ff547b1736c2d8b30451f49a9a48f5""]",0,1721,1736,15,0.0,0.0,0,[],0,964,970,6,0.0,0.0,0,[],0,1665,1687,22,0.0,0.0,0,[],28,12559,0.0022294768691774824,0.0,2019,0.0,0.0,0.0,0.0,0.0,0.0,0.0,1.0,0.0,0.0,0.000784313725490196,0.000784313725490196,True,False,False,True,False,,2019->2020,False,False,False,True,True,inf,2.84258300820129,3,2,5,True,True,True,True,True,True,core_validated,core,True
4f8370cda3898b783b7fa45edf517552,large language models,large-language-models,plug-and-play language model control,plug-and-play language model control,solution-space,cluster,3,3,"[""10d93ebc7becae6390ddef4bb71cf5e4"", ""90e02f7cdb6f0de76b2520cc8f2d98dc"", ""28b65a4aba581348e1a25d7e4de7702e""]","[""plug-and-play control for language models"", ""plug-and-play language generation control"", ""plug-and-play language model control""]","[""568deb4817e7633483c93be3f50dcf51493963ff"", ""e04a80263d252a3d8a382ba37a249b9345620570"", ""ef3a96d8f42e8caa1994caba2e53ca98121b4d1f""]","[2019, 2020]",[],1,2550,2567,17,0.000392156862745098,0.000392156862745098,1,"[""e04a80263d252a3d8a382ba37a249b9345620570""]",2,3048,3075,27,0.0006561679790026247,0.0006561679790026247,2,"[""568deb4817e7633483c93be3f50dcf51493963ff"", ""ef3a96d8f42e8caa1994caba2e53ca98121b4d1f""]",0,1721,1736,15,0.0,0.0,0,[],0,964,970,6,0.0,0.0,0,[],0,1665,1687,22,0.0,0.0,0,[],33,12559,0.002627597738673461,0.0,2019,0.0,0.0,0.0,0.0,0.0,0.0,0.0,1.0,0.0,0.0,0.0006561679790026247,0.0006561679790026247,True,False,False,True,False,,2020->2021,False,False,False,True,True,inf,4.004458953738355,3,2,5,True,True,True,True,True,True,core_validated,core,True
8a965cb64428811fbb34c0a32b50313c,large language models,large-language-models,large-scale distributed training,large-scale distributed training,solution-space,cluster,1,2,"[""340412a0f68db42124c95ccb962dea3b""]","[""large-scale distributed training""]","[""1eb6102490204392fd73334f0d4560842ed63874"", ""725264948d7b6946259af5b8d966e996b9570f99""]","[2019, 2020]",[],1,2550,2567,17,0.000392156862745098,0.000392156862745098,1,"[""1eb6102490204392fd73334f0d4560842ed63874""]",1,3048,3075,27,0.00032808398950131233,0.00032808398950131233,1,"[""725264948d7b6946259af5b8d966e996b9570f99""]",0,1721,1736,15,0.0,0.0,0,[],0,964,970,6,0.0,0.0,0,[],0,1665,1687,22,0.0,0.0,0,[],74,12559,0.005892188868540489,0.0,2019,0.0,0.0,0.0,0.0,0.0,0.0,0.0,1.0,0.0,0.0,0.000392156862745098,0.000392156862745098,True,False,False,True,False,2020->2021,,True,False,True,True,True,inf,15.025081614778248,2,2,5,True,True,True,True,True,True,core_validated,core,True
96ea79f1606c42d34f3352b92a834ca7,large language models,large-language-models,multilingual question answering,multilingual question answering,solution-space,cluster,2,2,"[""353c66f9c0f07215241b0bfb208f47a4"", ""bd5928ab3f59ece793eb6f6ba3d79a6f""]","[""multilingual question answering"", ""multilingual question answering benchmarks""]","[""83a820fe19944a7621238b8cfcc0b8a0cbc0f4b6"", ""faa5f1130ff9d05a8ae5b9ba79d675bd4d917c5d""]","[2019, 2020]",[],1,2550,2567,17,0.000392156862745098,0.000392156862745098,1,"[""faa5f1130ff9d05a8ae5b9ba79d675bd4d917c5d""]",1,3048,3075,27,0.00032808398950131233,0.00032808398950131233,1,"[""83a820fe19944a7621238b8cfcc0b8a0cbc0f4b6""]",0,1721,1736,15,0.0,0.0,0,[],0,964,970,6,0.0,0.0,0,[],0,1665,1687,22,0.0,0.0,0,[],17,12559,0.0013536109562863284,0.0,2019,0.0,0.0,0.0,0.0,0.0,0.0,0.0,1.0,0.0,0.0,0.000392156862745098,0.000392156862745098,True,False,False,True,False,2020->2021,,True,False,True,True,True,inf,3.4517079385301375,2,2,5,True,True,True,True,True,True,core_validated,core,True
9c563aa46d1efd5707939a812d7acd1d,large language models,large-language-models,transformer model pruning,transformer model pruning,solution-space,cluster,1,2,"[""33c6b2ae5d2a958e45f214b81968d3d1""]","[""transformer model pruning""]","[""5e8a892cc33a9fb9e701d5e10333e7b8545bf4a5"", ""f4a8480cffa491020bdbb8c4c4e7a7e923b1c2c1""]","[2019, 2021]",[],1,2550,2567,17,0.000392156862745098,0.000392156862745098,1,"[""f4a8480cffa491020bdbb8c4c4e7a7e923b1c2c1""]",0,3048,3075,27,0.0,0.0,0,[],1,1721,1736,15,0.0005810575246949448,0.0005810575246949448,1,"[""5e8a892cc33a9fb9e701d5e10333e7b8545bf4a5""]",0,964,970,6,0.0,0.0,0,[],0,1665,1687,22,0.0,0.0,0,[],12,12559,0.0009554900867903496,0.0,2019,0.0,0.0,0.0,0.0,0.0,0.0,0.0,1.0,0.0,0.0,0.0005810575246949448,0.0005810575246949448,True,False,False,True,False,2019->2020;2021->2022,,True,False,True,True,True,inf,1.6443984393661917,2,2,5,True,True,True,True,True,True,core_validated,core,True
34d4317500b3dfc0934fe66f9bb92737,large language models,large-language-models,task-adaptive pretraining,task-adaptive pretraining,solution-space,cluster,2,3,"[""cb77343e148a8663515a5c196aa9eb0e"", ""6c8e270074a47d4d0ee449850e6f24b8""]","[""task-adaptive pretraining"", ""task-adaptive pretraining objectives for pretrained language models""]","[""182e296d349662376d91f2b2ee1f05c5d577ea6e"", ""5441300c06764ae45dac78222ac15a45b191b0a8"", ""e816f788767eec6a8ef0ea9eddd0e902435d4271""]","[2020, 2021, 2022]",[],0,2550,2567,17,0.0,0.0,0,[],1,3048,3075,27,0.00032808398950131233,0.00032808398950131233,1,"[""e816f788767eec6a8ef0ea9eddd0e902435d4271""]",1,1721,1736,15,0.0005810575246949448,0.0005810575246949448,1,"[""5441300c06764ae45dac78222ac15a45b191b0a8""]",1,964,970,6,0.001037344398340249,0.001037344398340249,1,"[""182e296d349662376d91f2b2ee1f05c5d577ea6e""]",0,1665,1687,22,0.0,0.0,0,[],51,12559,0.004060832868858986,0.0,2019,0.0,0.0,0.0,0.0,0.0,0.0,0.0,1.0,0.0,0.0,0.001037344398340249,0.001037344398340249,True,False,False,True,False,2022->2023,,True,False,True,True,True,inf,3.9146428855800623,3,3,5,True,True,True,True,True,True,core_validated,core,True
83f9c401aecdd30e4a670e31bb85c9c3,large language models,large-language-models,weakly supervised pretraining,weakly supervised pretraining,solution-space,cluster,2,2,"[""97a23e06dfa4fa2f38628dd030a99104"", ""952d730da9994fae9b9455133aae20d0""]","[""weakly supervised multimodal pretraining"", ""weakly supervised pretraining""]","[""5e00596fa946670d894b1bdaeff5a98e3867ef13"", ""b681f6a0754cbdd51b1dd9a5fb89def114e38109""]","[2020, 2021]",[],0,2550,2567,17,0.0,0.0,0,[],1,3048,3075,27,0.00032808398950131233,0.00032808398950131233,1,"[""b681f6a0754cbdd51b1dd9a5fb89def114e38109""]",1,1721,1736,15,0.0005810575246949448,0.0005810575246949448,1,"[""5e00596fa946670d894b1bdaeff5a98e3867ef13""]",0,964,970,6,0.0,0.0,0,[],0,1665,1687,22,0.0,0.0,0,[],12,12559,0.0009554900867903496,0.0,2019,0.0,0.0,0.0,0.0,0.0,0.0,0.0,1.0,0.0,0.0,0.0005810575246949448,0.0005810575246949448,True,False,False,True,False,2021->2022,,True,False,True,True,True,inf,1.6443984393661917,2,2,5,True,True,True,True,True,True,core_validated,core,True
f47b1224a694722196f748b25b80e837,large language models,large-language-models,video-language representation learning,video-language representation learning,solution-space,cluster,2,2,"[""d4dd75f200bddd065ff23f292bfee8d0"", ""67efcfa54286159d52d81f66cfb41d1a""]","[""video-language representation learning"", ""visual-language representation learning""]","[""21ec90872abd986c12afe39bebe807732ffa70c9"", ""933b37b21e9d61139660088adb032ff3fdf56d86""]","[2021, 2022]",[],0,2550,2567,17,0.0,0.0,0,[],0,3048,3075,27,0.0,0.0,0,[],1,1721,1736,15,0.0005810575246949448,0.0005810575246949448,1,"[""21ec90872abd986c12afe39bebe807732ffa70c9""]",1,964,970,6,0.001037344398340249,0.001037344398340249,1,"[""933b37b21e9d61139660088adb032ff3fdf56d86""]",0,1665,1687,22,0.0,0.0,0,[],21,12559,0.0016721076518831117,0.0,2019,0.0,0.0,0.0,0.0,0.0,0.0,0.0,1.0,0.0,0.0,0.001037344398340249,0.001037344398340249,True,False,False,True,False,2022->2023,,True,False,True,True,True,inf,1.6119117764153197,2,2,5,True,True,True,True,True,True,core_validated,core,True
7944d286e3b97008f72aed2dad8a867a,large language models,large-language-models,bias benchmarks for language models,bias benchmarks for language models,solution-space,cluster,2,2,"[""c521b825fe18778d140f6acda6e8622a"", ""4c7815acb01ddb96acf24e9d47bf84c2""]","[""bias benchmarks for language models"", ""bias benchmarks for pretrained language models""]","[""babeda48b10a4d638252118f2238d05a06f4ec55"", ""fa48dd52be56dc5ee442a3ab5d754f382f88bb3a""]","[2020, 2022]",[],0,2550,2567,17,0.0,0.0,0,[],1,3048,3075,27,0.00032808398950131233,0.00032808398950131233,1,"[""babeda48b10a4d638252118f2238d05a06f4ec55""]",0,1721,1736,15,0.0,0.0,0,[],1,964,970,6,0.001037344398340249,0.001037344398340249,1,"[""fa48dd52be56dc5ee442a3ab5d754f382f88bb3a""]",0,1665,1687,22,0.0,0.0,0,[],48,12559,0.0038219603471613983,0.0,2019,0.0,0.0,0.0,0.0,0.0,0.0,0.0,1.0,0.0,0.0,0.001037344398340249,0.001037344398340249,True,False,False,True,False,2020->2021;2022->2023,,True,False,True,True,True,inf,3.6843697746635877,2,2,5,True,True,True,True,True,True,core_validated,core,True
1ea59770d6c53087969fcee254a6a079,large language models,large-language-models,attention-based probing,attention-based probing,solution-space,cluster,1,2,"[""903d01d1af8de021c4dd91c2e957a7ab""]","[""attention-based probing""]","[""868349fe969bc7c6b14b5f35e118a26075b7b1f2"", ""95a251513853c6032bdecebd4b74e15795662986""]","[2019, 2020]",[],1,2550,2567,17,0.000392156862745098,0.000392156862745098,1,"[""95a251513853c6032bdecebd4b74e15795662986""]",1,3048,3075,27,0.00032808398950131233,0.00032808398950131233,1,"[""868349fe969bc7c6b14b5f35e118a26075b7b1f2""]",0,1721,1736,15,0.0,0.0,0,[],0,964,970,6,0.0,0.0,0,[],0,1665,1687,22,0.0,0.0,0,[],23,12559,0.0018313559996815034,0.0,2019,0.0,0.0,0.0,0.0,0.0,0.0,0.0,1.0,0.0,0.0,0.000392156862745098,0.000392156862745098,True,False,False,True,False,2020->2021,,True,False,True,True,True,inf,4.669957799187833,2,2,5,True,True,True,True,True,True,core_validated,core,True
5807263544b48b2f7780c3cde3ec97cf,large language models,large-language-models,controllable text generation,controllable text generation,solution-space,cluster,3,6,"[""2cf347dfaab15f8a6213f97225091895"", ""f9481477d592ecbd87e5c5c014729c95"", ""29e42d3cb295bba568518097df6fd819""]","[""controllable text generation"", ""controllable text generation for toxicity mitigation"", ""controllable text generation via decoding temperature""]","[""0e345e074641abcd032a3bf3d1b3e8d42030d281"", ""176e8c49c32f4c219857a1853998770927a598c6"", ""17ada4c5625d1fcb8673747c5af8882ae4008194"", ""399e7d8129c60818ee208f236c8dda17e876d21f"", ""584063b67179f69a707d1adbf2191f1ac293ba5d"", ""a3c06dcf76560097494bac2963aa214a7a3511c4""]","[2020, 2021, 2023]",[],0,2550,2567,17,0.0,0.0,0,[],2,3048,3075,27,0.0006561679790026247,0.0006561679790026247,2,"[""399e7d8129c60818ee208f236c8dda17e876d21f"", ""a3c06dcf76560097494bac2963aa214a7a3511c4""]",3,1721,1736,15,0.0017431725740848344,0.0017431725740848344,3,"[""0e345e074641abcd032a3bf3d1b3e8d42030d281"", ""17ada4c5625d1fcb8673747c5af8882ae4008194"", ""584063b67179f69a707d1adbf2191f1ac293ba5d""]",0,964,970,6,0.0,0.0,0,[],1,1665,1687,22,0.0006006006006006006,0.0006006006006006006,1,"[""176e8c49c32f4c219857a1853998770927a598c6""]",72,12559,0.005732940520742098,0.0,2019,2.0124954049152044,-19.297143784690203,0.07943969838493625,0.9153153154443747,0.75,0.34454454492055747,0.0,1.0,0.0,0.0,0.0017431725740848344,0.0017431725740848344,True,False,False,True,False,,2021->2022,False,False,False,True,True,9.545345967035592,3.2887968787323834,6,3,5,True,True,True,True,True,True,core_validated,core,True
d4555e0993be931ce63c950ac59d0f68,large language models,large-language-models,chain-of-thought prompting,chain-of-thought prompting,solution-space,cluster,5,20,"[""2079edb62d3772c198f0e62481dba1f7"", ""1f4c9d2c4d7ba694c296167f53b2d94a"", ""2200d6086d90b3401c05d900d3e10404"", ""2826af3d825e1c5c7e61aa9cdba64703"", ""64e3e75506418d6077a3b9902dd22a01""]","[""chain-of-thought prompting"", ""chain-of-thought prompting for clinical reasoning"", ""chain-of-thought prompting for goal planning"", ""chain-of-thought prompting for large language models"", ""chain-of-thought prompting for moral reasoning""]","[""024c14798ea29116321199619eae657eaea09469"", ""03eac0e021b270cee705d4040a51fe7cac2f63ab"", ""089f6328085066263fedc083952624ca121ebbf3"", ""09680030630dbbc4dc1c9b6d4aeed9857a769007"", ""0ea7fc93d4947d9024ccaa202987a2070683bc1f"", ""0fbab714338dafab2a48014bb5494f503d5df8ea"", ""12a4c41b087629548b07d0dadb9da05147fa4f81"", ""1358f90705b05cdb20ebe6799b02196205e7e9f0"", ""13c85adfa950651ffcd91ef3018fa30801b74472"", ""17322c997e993bee1ec05309e5c8d45799a0e4b8"", ""1b6e810ce0afd0dd093f789d2b2742d047e316d5"", ""1c1ca2392155ddf30408a442e6b504b5d60d4f2a"", ""1e26b42669b060a3850e4766dea0db6e3c85cdec"", ""23dd78e424d32f6a48660dcd67ce994b8a7db8be"", ""35922cd0d6b17e45320917338e9f98cb5c1a4f6f"", ""90350aa626bed47b02d0c162462e5b0ca82be6b2"", ""e66f0f822d4c4853b39b27daaafa2993005fd55e"", ""e7ad08848d5d7c5c47673ffe0da06af443643bda"", ""eec16a53e04ca8976f9b68d7e2fe58d1332ec8f9"", ""f557f3a32d309373e7d31bb93ca1b80b4a6e39e7""]","[2022, 2023]",[],0,2550,2567,17,0.0,0.0,0,[],0,3048,3075,27,0.0,0.0,0,[],0,1721,1736,15,0.0,0.0,0,[],9,964,970,6,0.00933609958506224,0.00933609958506224,9,"[""1b6e810ce0afd0dd093f789d2b2742d047e316d5"", ""1c1ca2392155ddf30408a442e6b504b5d60d4f2a"", ""23dd78e424d32f6a48660dcd67ce994b8a7db8be"", ""35922cd0d6b17e45320917338e9f98cb5c1a4f6f"", ""90350aa626bed47b02d0c162462e5b0ca82be6b2"", ""e66f0f822d4c4853b39b27daaafa2993005fd55e"", ""e7ad08848d5d7c5c47673ffe0da06af443643bda"", ""eec16a53e04ca8976f9b68d7e2fe58d1332ec8f9"", ""f557f3a32d309373e7d31bb93ca1b80b4a6e39e7""]",9,1665,1687,22,0.005405405405405406,0.005405405405405406,9,"[""024c14798ea29116321199619eae657eaea09469"", ""03eac0e021b270cee705d4040a51fe7cac2f63ab"", ""089f6328085066263fedc083952624ca121ebbf3"", ""09680030630dbbc4dc1c9b6d4aeed9857a769007"", ""0ea7fc93d4947d9024ccaa202987a2070683bc1f"", ""0fbab714338dafab2a48014bb5494f503d5df8ea"", ""1358f90705b05cdb20ebe6799b02196205e7e9f0"", ""13c85adfa950651ffcd91ef3018fa30801b74472"", ""17322c997e993bee1ec05309e5c8d45799a0e4b8""]",701,12559,0.055816545903336255,0.0,2019,6.777848498083172,-32.113154174135566,0.7438093422303089,0.578978979024075,0.25,0.578978979024075,0.0,1.0,0.0,0.0,0.00933609958506224,0.00933609958506224,True,False,False,True,False,,2022->2023,False,False,False,True,True,10.326060992117206,5.978572250090683,18,2,5,True,True,True,True,True,True,core_validated,core,True
735bf739ab449d08dc2fecd4b43bb792,large language models,large-language-models,chain-of-thought distillation,chain-of-thought distillation,solution-space,cluster,1,2,"[""906686e1749aa6d71dc5ed2f41de99b0""]","[""chain-of-thought distillation""]","[""126a4776ff8315fd506766cb8f3c722cf746ad9e"", ""13244fdc42a091f87bc08eaaac2bcfd5883e8d0c""]","[2022, 2023]",[],0,2550,2567,17,0.0,0.0,0,[],0,3048,3075,27,0.0,0.0,0,[],0,1721,1736,15,0.0,0.0,0,[],1,964,970,6,0.001037344398340249,0.001037344398340249,1,"[""126a4776ff8315fd506766cb8f3c722cf746ad9e""]",1,1665,1687,22,0.0006006006006006006,0.0006006006006006006,1,"[""13244fdc42a091f87bc08eaaac2bcfd5883e8d0c""]",22,12559,0.0017517318257823074,0.0,2019,6.118681125263996,-31.673709258964323,0.7431256632522744,0.5789789793848432,0.25,0.5789789793848432,0.0,1.0,0.0,0.0,0.001037344398340249,0.001037344398340249,True,False,False,True,False,2022->2023,,True,False,True,True,True,2.916633489927542,1.6886694800541444,2,2,5,True,True,True,True,True,True,core_validated,core,True
d0549a7f2f908d1e4c4a1e42aef05da8,large language models,large-language-models,commonsense reasoning benchmarks,commonsense reasoning benchmarks,solution-space,cluster,3,5,"[""5be788cd6772a9b5ae463186dd25abcb"", ""419d16b84c599ab3f85b209908b088b8"", ""f71f6a77fe9c0c863d269d2c897532b6""]","[""commonsense reasoning benchmarks"", ""commonsense reasoning benchmarks for large language models"", ""commonsense reasoning benchmarks for adjective-object composition""]","[""011869f932f89d047ce2bd36d73a95cc04888193"", ""04f4e55e14150b7c48b0287ba77c7443df76ed45"", ""0960852f3e41b818065735bbcd87666f244cb201"", ""28f9a6c3ac0330bb9157613ba89b9070f53eac4b"", ""8ede99f3049c062b1cb465f2aa1085064af96896""]","[2019, 2020, 2023]",[],2,2550,2567,17,0.000784313725490196,0.000784313725490196,2,"[""04f4e55e14150b7c48b0287ba77c7443df76ed45"", ""28f9a6c3ac0330bb9157613ba89b9070f53eac4b""]",2,3048,3075,27,0.0006561679790026247,0.0006561679790026247,2,"[""011869f932f89d047ce2bd36d73a95cc04888193"", ""8ede99f3049c062b1cb465f2aa1085064af96896""]",0,1721,1736,15,0.0,0.0,0,[],0,964,970,6,0.0,0.0,0,[],1,1665,1687,22,0.0006006006006006006,0.0006006006006006006,1,"[""0960852f3e41b818065735bbcd87666f244cb201""]",114,12559,0.009077155824508321,0.0,2019,-2.083568527007,-11.26474651071535,0.08750768998109004,0.7657657660644144,0.25,0.7657657660644144,0.0,1.0,0.0,0.0,0.000784313725490196,0.000784313725490196,True,False,False,True,False,,2020->2021,False,False,False,True,True,15.113464447806354,11.57337367624811,5,3,5,True,True,True,True,True,True,core_validated,core,True
6f759f0e34ef96520418e4fb3816190c,large language models,large-language-models,instruction data generation,instruction data generation,solution-space,cluster,2,2,"[""4c2ca7d6bec7d79e86566feebdb4442b"", ""3218f03a8554c608f7703c6065fbea5f""]","[""instruction data generation"", ""instruction data generation for large language models""]","[""08a80cb34d785258c770acecd302ab41ead46eed"", ""1ce1738d7f224ebd7ad98e23692404f06697b5f4""]",[2023],[],0,2550,2567,17,0.0,0.0,0,[],0,3048,3075,27,0.0,0.0,0,[],0,1721,1736,15,0.0,0.0,0,[],0,964,970,6,0.0,0.0,0,[],2,1665,1687,22,0.0012012012012012011,0.0012012012012012011,2,"[""08a80cb34d785258c770acecd302ab41ead46eed"", ""1ce1738d7f224ebd7ad98e23692404f06697b5f4""]",116,12559,0.009236404172306712,0.0,2019,4.181317578981285,-31.812338694909812,0.5,1.0,0.25,1.0,0.0,1.0,0.0,0.0,0.0012012012012012011,0.0012012012012012011,True,False,False,True,True,,,True,True,True,True,True,7.689306473445338,7.689306473445338,2,1,5,True,True,True,True,True,True,core_validated,core,True
d8dc5e439538a913a0dd3467099058c6,large language models,large-language-models,language model scaling,language model scaling,solution-space,cluster,1,2,"[""454210ea7a55f7a5b2fb748d17eb134c""]","[""language model scaling""]","[""90abbc2cf38462b954ae1b772fac9532e2ccd8b0"", ""ca9b4fc03ad3ea4680ab2204ecf215f333c616a4""]",[2020],[],0,2550,2567,17,0.0,0.0,0,[],2,3048,3075,27,0.0006561679790026247,0.0006561679790026247,2,"[""90abbc2cf38462b954ae1b772fac9532e2ccd8b0"", ""ca9b4fc03ad3ea4680ab2204ecf215f333c616a4""]",0,1721,1736,15,0.0,0.0,0,[],0,964,970,6,0.0,0.0,0,[],0,1665,1687,22,0.0,0.0,0,[],1453,12559,0.1156939246755315,0.0,2019,0.0,0.0,0.0,0.0,0.0,0.0,0.0,1.0,0.0,0.0,0.0006561679790026247,0.0006561679790026247,True,False,False,True,False,,2020->2021,False,False,False,True,True,inf,176.31754120551,2,1,5,True,True,True,True,True,True,core_validated,core,True
5a04cd8211109f671cb328465ec32119,large language models,large-language-models,k-nearest neighbor language models,k-nearest neighbor language models,solution-space,cluster,2,2,"[""d5f1bfb304ecc8ef9433f90ff0f1f41a"", ""5b98c621d6063df8cf8d8a6f6a19c6f8""]","[""k-nearest neighbor language models"", ""nearest neighbor language modeling""]","[""0c47eb31b2dd76d8dc986173a1d3f00da1c9c74d"", ""7be8c119dbe065c52125ee7716601751f3116844""]","[2019, 2021]",[],1,2550,2567,17,0.000392156862745098,0.000392156862745098,1,"[""7be8c119dbe065c52125ee7716601751f3116844""]",0,3048,3075,27,0.0,0.0,0,[],1,1721,1736,15,0.0005810575246949448,0.0005810575246949448,1,"[""0c47eb31b2dd76d8dc986173a1d3f00da1c9c74d""]",0,964,970,6,0.0,0.0,0,[],0,1665,1687,22,0.0,0.0,0,[],30,12559,0.002388725216975874,0.0,2019,0.0,0.0,0.0,0.0,0.0,0.0,0.0,1.0,0.0,0.0,0.0005810575246949448,0.0005810575246949448,True,False,False,True,False,2019->2020;2021->2022,,True,False,True,True,True,inf,4.110996098415479,2,2,5,True,True,True,True,True,True,core_validated,core,True
a1950079cce312ae9967fa539bb2925b,large language models,large-language-models,expert evaluation of large language model medical responses,expert evaluation of large language model medical responses,solution-space,cluster,2,2,"[""641946e630a175c6c0aed6008372f450"", ""690826c006c2063e97d4718dbc093c69""]","[""expert evaluation of large language model medical responses"", ""human evaluation frameworks for large language model medical responses""]","[""1adec4563ca3097109c105d18036a6e676cc17ee"", ""6052486bc9144dc1730c12bf35323af3792a1fd0""]","[2022, 2023]",[],0,2550,2567,17,0.0,0.0,0,[],0,3048,3075,27,0.0,0.0,0,[],0,1721,1736,15,0.0,0.0,0,[],1,964,970,6,0.001037344398340249,0.001037344398340249,1,"[""6052486bc9144dc1730c12bf35323af3792a1fd0""]",1,1665,1687,22,0.0006006006006006006,0.0006006006006006006,1,"[""1adec4563ca3097109c105d18036a6e676cc17ee""]",163,12559,0.012978740345568915,0.0,2019,6.118681125263996,-31.673709258964323,0.7431256632522744,0.5789789793848432,0.25,0.5789789793848432,0.0,1.0,0.0,0.0,0.001037344398340249,0.001037344398340249,True,False,False,True,False,2022->2023,,True,False,True,True,True,21.609602675372244,12.511505693128434,2,2,5,True,True,True,True,True,True,core_validated,core,True
